TimeToNearestStation,TradePriceCAD
0.0,246519.91666666663
1.0,240144.39060767944
1.2857142857142858,69285.0
1.3333333333333333,53009.99999999999
1.6,176700.0
1.6216216216216217,26969.999999999996
1.7397260273972603,195300.0
1.9545454545454546,76260.0
1.9782608695652173,32549.999999999996
1.9801324503311257,249937.49999999997
2.0,222963.50698616402
2.1666666666666665,145777.49999999997
2.1904761904761907,111599.99999999999
2.3181818181818183,110437.5
2.324324324324324,111600.0
2.3333333333333335,241799.99999999997
2.4,158216.24999999997
2.411764705882353,88350.0
2.4285714285714284,213899.99999999997
2.4760147601476015,170976.92307692306
2.5839416058394162,279000.0
2.588235294117647,80600.0
2.6066176470588234,276675.0
2.6305220883534135,317794.28571428574
2.6363636363636362,130200.0
2.6402439024390243,246139.99999999997
2.6575342465753424,189100.0
2.8,148800.0
2.8333333333333335,75330.0
2.8354430379746836,33480.0
2.8461538461538463,155000.0
2.888888888888889,162750.0
2.9,120899.99999999999
2.925,58589.99999999999
2.932584269662921,238390.0
2.93859649122807,342386.8421052631
2.9665551839464883,211711.76470588232
2.9834437086092715,180768.75
2.9836065573770494,45171.42857142857
3.0,221725.63862791404
3.0317460317460316,146940.0
3.0342205323193916,207700.0
3.042105263157895,76259.99999999999
3.0930232558139537,181350.0
3.1147540983606556,397575.0
3.1225806451612903,243660.0
3.125,18600.0
3.1371681415929205,232499.99999999997
3.1666666666666665,257525.4545454545
3.1695652173913045,313293.75
3.173611111111111,251099.99999999997
3.1907514450867054,220542.85714285713
3.2193548387096773,224741.84210526315
3.2357274401473295,245198.07692307688
3.263657957244656,247734.2857142857
3.27027027027027,278418.75
3.282608695652174,284521.875
3.3207547169811322,179490.0
3.3477801268498943,229229.99999999997
3.35,86490.0
3.363013698630137,144150.0
3.3666666666666667,195299.99999999997
3.4,111599.99999999999
3.4029850746268657,45570.0
3.4150943396226414,206459.99999999997
3.4227642276422765,150350.0
3.4393939393939394,66960.0
3.4523809523809526,204599.99999999997
3.5,106949.99999999999
3.5185185185185186,241799.99999999997
3.5451505016722407,256060.0
3.546583850931677,220985.7142857143
3.546875,237149.99999999997
3.5483870967741935,184007.14285714287
3.552941176470588,322400.0
3.559322033898305,204267.8571428571
3.5714285714285716,183210.0
3.582172701949861,195299.99999999997
3.601328903654485,503528.57142857136
3.6101083032490973,257538.4615384615
3.6217303822937628,207867.56756756754
3.625,153450.0
3.628705148205928,175615.0
3.63231850117096,151457.14285714287
3.6363636363636362,59519.99999999999
3.6379310344827585,146754.0
3.651006711409396,241055.99999999994
3.6524064171122994,210371.47058823527
3.654135338345865,106949.99999999999
3.6610169491525424,116249.99999999999
3.661417322834646,325500.0
3.675,327359.99999999994
3.676056338028169,65099.99999999999
3.685185185185185,211482.0
3.6923076923076925,82072.5
3.7002583979328167,333146.6666666667
3.7083333333333335,427800.0
3.7142857142857144,118420.0
3.7169811320754715,158100.0
3.721212121212121,262259.99999999994
3.7288401253918497,240870.0
3.7552870090634443,178028.57142857142
3.7712082262210798,373860.0
3.7751322751322753,229090.0
3.7777777777777777,225736.36363636365
3.7857142857142856,100439.99999999999
3.793103448275862,297600.0
3.8,522350.0
3.8076923076923075,55799.99999999999
3.811023622047244,155620.0
3.8118279569892475,435120.0
3.8247422680412373,188066.66666666663
3.8333333333333335,74400.0
3.8461538461538463,464999.99999999994
3.8518518518518516,322399.99999999994
3.8615384615384616,158100.0
3.875,130200.0
3.8771186440677967,106604.57142857142
3.8805970149253732,399900.0
3.8914285714285715,288300.0
3.9002770083102494,287170.71428571426
3.9034482758620688,282564.99999999994
3.9074074074074074,313874.99999999994
3.9168591224018474,82105.71428571429
3.92,269700.0
3.9206349206349205,167400.0
3.927536231884058,206769.99999999997
3.9285714285714284,189100.0
3.9350104821802936,199949.99999999997
3.945337620578778,234360.0
3.9586206896551723,192561.15
3.975359342915811,290997.0
3.9945355191256833,94944.54545454544
4.0,218765.38859378808
4.016260162601626,181615.7142857143
4.03170731707317,179456.7857142857
4.031746031746032,185999.99999999997
4.037190082644628,403000.0
4.050420168067227,234860.76923076922
4.0588235294117645,258075.0
4.0754716981132075,641700.0
4.076923076923077,121962.85714285713
4.082089552238806,221649.99999999997
4.089385474860335,140778.75
4.091787439613527,155929.99999999997
4.1,251099.99999999997
4.1033333333333335,236715.99999999997
4.119363395225464,144656.33333333334
4.122047244094488,39060.0
4.125984251968504,334800.0
4.128787878787879,148799.99999999997
4.130434782608695,165540.0
4.1345029239766085,321721.87499999994
4.142857142857143,71145.0
4.153846153846154,213899.99999999997
4.162790697674419,36270.0
4.183794466403162,130819.99999999999
4.2063492063492065,288300.0
4.206896551724138,270227.0
4.2164179104477615,64402.49999999999
4.222222222222222,83700.0
4.231863442389758,220277.14285714284
4.25,98347.5
4.269592476489028,241800.0
4.272517321016166,151792.17391304346
4.2727272727272725,58589.99999999999
4.276666666666666,239475.0
4.278215223097113,239435.14285714284
4.28,102299.99999999999
4.297297297297297,44950.0
4.3076923076923075,193750.0
4.3088235294117645,240637.49999999997
4.315789473684211,139500.0
4.318181818181818,83700.0
4.332191780821918,241419.54545454544
4.348837209302325,128340.0
4.350223546944858,129338.0487804878
4.351851851851852,60449.99999999999
4.352941176470588,247612.5
4.3552238805970145,81026.25
4.370429252782194,234392.06896551725
4.401869158878505,133388.57142857142
4.407407407407407,223199.99999999997
4.411585365853658,162750.0
4.411764705882353,223199.99999999997
4.412526997840173,356606.0526315789
4.41439205955335,183931.55172413794
4.416666666666667,108500.0
4.424242424242424,233244.0
4.424657534246576,272799.99999999994
4.426966292134831,241800.0
4.429223744292237,182744.99999999997
4.4300411522633745,214758.4615384615
4.430830039525691,202429.99999999997
4.440677966101695,144150.0
4.445255474452555,151822.5
4.463414634146342,221526.0
4.46742671009772,234050.0
4.488188976377953,235173.75
4.490683229813665,67425.0
4.493548387096774,130200.0
4.5,176700.0
4.506306306306306,270829.28571428574
4.506849315068493,269700.0
4.517857142857143,554280.0
4.52233676975945,287915.17241379304
4.52755905511811,251100.0
4.54320987654321,338287.49999999994
4.548780487804878,227850.0
4.5532407407407405,136337.99999999997
4.559796437659033,233430.0
4.576158940397351,177216.66666666663
4.579787234042553,327566.6666666667
4.59375,260399.99999999997
4.599128540305011,96893.02325581394
4.61025641025641,163547.14285714287
4.612403100775194,207939.5454545454
4.614457831325301,289850.0
4.621621621621622,285199.99999999994
4.625,224362.49999999997
4.637254901960785,211539.23076923078
4.6521739130434785,346213.63636363635
4.655270655270655,154809.23076923075
4.655737704918033,141825.0
4.666666666666667,167400.0
4.671232876712328,136400.0
4.67741935483871,55799.99999999999
4.695652173913044,251099.99999999997
4.698492462311558,185999.99999999997
4.719047619047619,179536.5
4.721238938053097,235599.99999999994
4.725806451612903,93000.0
4.730769230769231,102299.99999999999
4.733668341708543,193440.0
4.744897959183674,156085.0
4.75,190384.28571428568
4.753968253968254,144150.0
4.755102040816326,111865.71428571429
4.756272401433692,279820.58823529404
4.76046511627907,206708.0
4.761363636363637,206459.99999999997
4.768421052631579,196761.42857142858
4.769230769230769,32549.999999999996
4.776315789473684,239094.54545454544
4.785714285714286,148800.0
4.786764705882353,238958.33333333334
4.787878787878788,89280.0
4.791666666666667,216224.99999999997
4.796610169491525,139500.0
4.798780487804878,230374.2857142857
4.8,194635.7142857143
4.807339449541284,173599.99999999997
4.821621621621621,139500.0
4.82995951417004,282487.5
4.836065573770492,249937.5
4.848039215686274,193166.47058823527
4.850847457627118,309922.5
4.854166666666667,131316.0
4.855345911949685,110005.71428571429
4.86036036036036,181350.0
4.869565217391305,66863.79310344826
4.883495145631068,179800.0
4.890173410404624,106949.99999999999
4.898701298701298,292640.0
4.912568306010929,225955.55555555553
4.926315789473684,110515.0
4.94488188976378,195299.99999999997
4.945762711864407,417337.5
4.953947368421052,199950.0
4.954545454545454,152519.99999999997
4.958041958041958,219480.0
4.9676470588235295,191928.75
4.967741935483871,120899.99999999999
4.982558139534884,176699.99999999997
4.988416988416988,211110.0
4.994318181818182,267956.25
5.0,214549.41632936554
5.002057613168724,271028.5714285714
5.008771929824562,235600.0
5.016129032258065,410528.5714285714
5.027932960893855,264385.71428571426
5.044444444444444,151167.2727272727
5.048780487804878,176700.0
5.050328227571116,181401.66666666663
5.052439024390244,219857.81249999997
5.0549019607843135,233988.0
5.059154929577465,232293.3333333333
5.071146245059288,228097.99999999997
5.076923076923077,316200.0
5.079207920792079,130200.0
5.090909090909091,153450.0
5.098765432098766,220099.99999999997
5.102439024390244,175051.36363636362
5.107142857142857,127968.0
5.115384615384615,139500.0
5.122448979591836,85560.0
5.123209169054442,261950.0
5.130148270181219,227966.25
5.135220125786163,211419.99999999994
5.140350877192983,158100.0
5.1441441441441444,428729.99999999994
5.147668393782383,205779.1071428571
5.171673819742489,87365.29411764705
5.180555555555555,113150.0
5.183673469387755,176700.0
5.185185185185185,46499.99999999999
5.186046511627907,97185.0
5.186440677966102,56962.49999999999
5.195121951219512,177939.99999999997
5.2,66960.0
5.201342281879195,205716.0
5.206106870229007,328600.0
5.206896551724138,254200.0
5.21978021978022,101369.99999999999
5.222222222222222,191580.0
5.225806451612903,92767.5
5.226027397260274,154586.66666666663
5.231481481481482,155238.46153846153
5.238938053097345,47429.99999999999
5.2392638036809815,232499.99999999997
5.241935483870968,285199.99999999994
5.254083484573503,169651.57894736843
5.2578125,260662.3076923077
5.283783783783784,220409.99999999997
5.293333333333333,156240.0
5.294236602628918,378068.6440677966
5.2947103274559195,174196.15384615384
5.301282051282051,316200.0
5.303225806451613,131827.5
5.304216867469879,79980.0
5.305194805194805,389979.99999999994
5.3058568329718,130897.5
5.3061224489795915,104392.5
5.306451612903226,101680.0
5.310126582278481,198400.0
5.313131313131313,138647.5
5.333333333333333,199949.99999999997
5.3352941176470585,201809.99999999997
5.338129496402877,330572.72727272724
5.345911949685535,360951.6
5.348837209302325,176700.0
5.350364963503649,190960.0
5.350877192982456,424700.0
5.3535911602209945,207079.99999999997
5.3584905660377355,111599.99999999999
5.36036036036036,140031.42857142858
5.36734693877551,65410.0
5.370892018779343,238638.0
5.382352941176471,204599.99999999997
5.391752577319588,142173.75
5.395778364116095,135183.84615384616
5.396378269617706,202827.18749999997
5.430921052631579,260027.99999999994
5.434782608695652,131316.0
5.435483870967742,325500.0
5.436619718309859,244125.0
5.445544554455446,239475.0
5.449095022624435,150255.0
5.450980392156863,158100.0
5.452830188679245,176700.0
5.465116279069767,125604.70588235291
5.466666666666667,111600.0
5.476190476190476,234789.23076923078
5.478260869565218,120900.0
5.485,121914.54545454546
5.493150684931507,353400.0
5.507772020725389,170003.99999999997
5.517241379310345,172050.0
5.518610421836228,140539.41176470587
5.5187032418952615,203553.75
5.523404255319149,170499.99999999997
5.535545023696683,233533.33333333334
5.53781512605042,156239.99999999997
5.5423728813559325,238312.49999999997
5.546357615894039,186038.75
5.566666666666666,309225.0
5.568595041322314,264352.49999999994
5.570588235294117,243253.12499999997
5.573248407643312,334800.0
5.574257425742574,321780.0
5.576923076923077,241800.0
5.578431372549019,96985.71428571429
5.580357142857143,171274.99999999997
5.583333333333333,269700.0
5.588235294117647,85294.28571428571
5.589743589743589,323640.0
5.590395480225989,205928.57142857142
5.594674556213017,97960.0
5.601818181818182,214576.36363636365
5.602564102564102,220100.0
5.617647058823529,93000.0
5.618945102260495,234167.58620689652
5.619537275064268,425134.0
5.622222222222222,61473.0
5.633620689655173,234050.0
5.6415094339622645,304575.0
5.6426332288401255,171468.74999999997
5.644897959183673,84460.90909090907
5.659090909090909,193846.875
5.663484486873508,59410.58823529411
5.666666666666667,260400.0
5.670329670329671,192974.99999999997
5.680555555555555,285200.0
5.684813753581662,296553.75
5.684931506849315,213151.95652173914
5.691666666666666,323640.0
5.699551569506727,216007.99999999997
5.718085106382978,247817.64705882352
5.728744939271255,99695.99999999999
5.730538922155689,220099.99999999997
5.732558139534884,207091.0714285714
5.733333333333333,73841.99999999999
5.741444866920152,207890.76923076922
5.741525423728813,343967.14285714284
5.743515850144092,223915.38461538457
5.75,33169.99999999999
5.751111111111111,73868.57142857142
5.753246753246753,275618.18181818177
5.7544715447154475,149073.5294117647
5.762376237623762,127720.0
5.766903914590747,200782.10526315786
5.791443850267379,285975.0
5.795918367346939,130538.1818181818
5.802020202020202,146830.5882352941
5.809523809523809,241800.0
5.819148936170213,113227.49999999999
5.823529411764706,204599.99999999997
5.826771653543307,185999.99999999997
5.831521739130435,210752.30769230766
5.833333333333333,199464.78260869565
5.836633663366337,79235.99999999999
5.843373493975903,539400.0
5.844444444444444,106949.99999999999
5.844897959183673,214829.99999999994
5.864516129032258,79421.99999999999
5.873239436619718,129037.5
5.875,325500.0
5.888888888888889,147172.49999999997
5.889618922470434,129366.20689655171
5.891891891891892,78119.99999999999
5.892857142857143,241799.99999999997
5.899653979238754,292950.0
5.9010989010989015,245287.5
5.903225806451613,204599.99999999997
5.90625,153450.0
5.91156462585034,137640.0
5.913043478260869,133299.99999999997
5.91421568627451,192096.66666666663
5.922680412371134,119040.0
5.929313929313929,135741.25
5.932330827067669,179490.0
5.953488372093023,130200.0
5.954022988505747,265256.6666666667
5.96,161044.99999999997
5.9655172413793105,152520.0
5.972160356347438,433955.7142857142
6.0,218100.74988789478
6.005405405405406,221605.7142857143
6.013100436681222,277837.49999999994
6.029411764705882,148799.99999999997
6.043668122270742,193772.1428571428
6.044776119402985,350300.0
6.046195652173913,219649.09090909085
6.051851851851852,334800.0
6.0588235294117645,75639.99999999999
6.061093247588424,499340.25
6.0638297872340425,111599.99999999999
6.077519379844961,186000.0
6.083333333333333,158100.0
6.089743589743589,114854.99999999999
6.090909090909091,344100.0
6.09433962264151,127100.0
6.104651162790698,153450.0
6.11070110701107,221374.4444444444
6.112962962962963,178681.30434782608
6.1223776223776225,198178.57142857142
6.128712871287129,138316.36363636362
6.150205761316872,200248.92857142855
6.157894736842105,136710.0
6.159609120521172,145906.66666666666
6.170238095238095,275031.99999999994
6.172043010752688,74399.99999999999
6.172413793103448,145079.99999999997
6.177777777777778,176700.0
6.191666666666666,179800.0
6.205479452054795,156239.99999999997
6.210176991150442,303412.5
6.223175965665236,260400.0
6.2254901960784315,225139.71428571426
6.226666666666667,323175.0
6.2298850574712645,174297.49999999997
6.230891719745223,190480.9090909091
6.239130434782608,109429.99999999999
6.24793388429752,75097.5
6.252631578947368,204599.99999999997
6.259825327510917,199453.99999999997
6.268382352941177,131440.0
6.272455089820359,167290.5882352941
6.2725118483412325,87885.0
6.273865414710485,260361.25
6.279503105590062,132680.0
6.286852589641434,212970.0
6.2926829268292686,148800.0
6.300184162062615,222107.25
6.309352517985611,128996.4705882353
6.31,371069.99999999994
6.311111111111111,182014.2857142857
6.3130434782608695,89279.99999999999
6.314814814814815,204600.0
6.317211948790896,239901.25
6.32258064516129,51149.99999999999
6.3275316455696204,166934.99999999997
6.328089887640449,228314.99999999997
6.333333333333333,81607.49999999999
6.352941176470588,144150.0
6.355769230769231,212323.04347826086
6.368421052631579,176700.0
6.378378378378378,190650.0
6.379310344827586,35340.0
6.38252427184466,378317.58620689646
6.399122807017544,246760.0
6.406593406593407,39990.0
6.421052631578948,130199.99999999999
6.42175572519084,219864.82758620687
6.4222222222222225,90830.0
6.437185929648241,205220.0
6.446581196581197,187272.63157894733
6.447368421052632,92999.99999999999
6.449064449064449,251836.98113207542
6.473684210526316,74400.0
6.47450110864745,163613.57142857142
6.482634730538922,114032.30769230769
6.485342019543974,251099.99999999997
6.487804878048781,223199.99999999997
6.493150684931507,213899.99999999997
6.4953271028037385,182570.625
6.497109826589595,195299.99999999997
6.523961661341853,238021.87499999997
6.526315789473684,156549.99999999997
6.536184210526316,135780.0
6.540772532188841,79050.0
6.545454545454546,51149.99999999999
6.548245614035087,76104.99999999999
6.552631578947368,210800.0
6.568181818181818,334800.0
6.57037037037037,91605.0
6.572192513368984,285975.0
6.5738396624472575,112788.33333333333
6.578947368421052,262188.4615384615
6.581521739130435,89465.99999999999
6.582417582417582,116064.0
6.601374570446735,232449.72972972973
6.6022727272727275,223199.99999999997
6.605150214592275,130199.99999999999
6.611940298507463,70680.0
6.626373626373627,182105.62499999997
6.63013698630137,268130.625
6.636363636363637,120899.99999999999
6.641025641025641,120900.0
6.6438356164383565,170499.99999999997
6.648093841642229,138283.84615384613
6.654545454545454,83700.0
6.663551401869159,141825.0
6.664948453608248,276675.0
6.666666666666667,116870.0
6.677177177177177,247380.0
6.690355329949239,48359.99999999999
6.6909090909090905,120745.0
6.693430656934306,124920.0
6.694444444444445,162750.0
6.7073170731707314,56109.99999999999
6.709302325581396,88660.0
6.717391304347826,105089.99999999999
6.7174887892376685,196310.86956521738
6.725274725274725,105400.0
6.733333333333333,225524.99999999997
6.734375,25420.0
6.741357234314981,193711.25
6.743421052631579,165074.99999999997
6.743589743589744,331699.99999999994
6.74537037037037,375100.0
6.754189944134078,96161.99999999999
6.754716981132075,276138.46153846156
6.755102040816326,102300.0
6.758620689655173,189100.0
6.763052208835341,237814.28571428568
6.763636363636364,234824.99999999997
6.770833333333333,272025.0
6.778947368421052,226176.0
6.77992277992278,112013.33333333333
6.780797101449275,217341.0
6.782051282051282,161626.24999999997
6.786363636363636,109739.99999999999
6.791268758526603,130011.78571428571
6.791666666666667,186066.42857142855
6.7947019867549665,152933.33333333334
6.797101449275362,131285.0
6.798969072164948,73470.0
6.81042654028436,157037.14285714287
6.813888888888889,244457.1428571428
6.821100917431193,90364.99999999999
6.828947368421052,120899.99999999999
6.833333333333333,179800.0
6.842105263157895,114079.99999999999
6.8431372549019605,260399.99999999997
6.843910806174957,181206.92307692306
6.846938775510204,88040.0
6.848484848484849,111599.99999999999
6.85,111599.99999999999
6.852459016393443,67889.99999999999
6.853503184713376,344100.0
6.869565217391305,220153.44827586206
6.872832369942197,143033.99999999997
6.874172185430464,261830.76923076922
6.896,109960.87499999999
6.902255639097745,83700.0
6.912280701754386,167400.0
6.9192825112107625,139500.0
6.923487544483986,262598.1818181818
6.926829268292683,130199.99999999999
6.927927927927928,151357.49999999997
6.936416184971098,175371.42857142858
6.939271255060729,294809.99999999994
6.9405940594059405,209411.73913043478
6.94340723453909,431467.60563380277
6.95,245520.0
6.9530791788856305,214184.693877551
6.967213114754099,92302.5
6.967889908256881,338181.8181818182
6.970370370370371,204599.99999999997
6.984732824427481,18600.0
6.98943661971831,138802.5
7.0,213557.5188243948
7.004310344827586,130199.99999999999
7.010610079575597,227563.84615384616
7.012121212121212,299072.5
7.0212765957446805,112633.33333333333
7.026785714285714,130199.99999999999
7.0336283185840704,179799.99999999997
7.04054054054054,102299.99999999999
7.042253521126761,244900.0
7.0514018691588785,168484.99999999997
7.052272727272728,205901.99999999997
7.052980132450331,195469.0909090909
7.054216867469879,221074.2857142857
7.0625,204599.99999999997
7.0807174887892375,160889.99999999997
7.081818181818182,86180.0
7.082802547770701,102299.99999999999
7.098712446351931,138437.14285714284
7.101123595505618,243753.0
7.105392156862745,71610.0
7.107142857142857,210180.0
7.112107623318385,255882.85714285713
7.112462006079028,120899.99999999999
7.121621621621622,510171.4285714285
7.125,106020.0
7.127659574468085,97650.0
7.137931034482759,153450.0
7.139622641509434,146142.85714285713
7.147342995169082,174840.0
7.155251141552512,190650.0
7.155737704918033,117993.74999999999
7.158730158730159,121644.0
7.1937984496124034,117179.99999999999
7.2,269700.0
7.203703703703703,75330.0
7.204633204633205,120899.99999999999
7.207142857142857,263721.4285714286
7.208333333333333,94395.0
7.208907741251325,184644.85714285713
7.211764705882353,130199.99999999999
7.21259842519685,122252.72727272728
7.2153284671532845,336349.99999999994
7.217687074829932,240705.88235294117
7.2215189873417724,275279.99999999994
7.23021582733813,238098.23529411762
7.231586402266289,85775.89285714286
7.238993710691824,195544.73684210525
7.258771929824562,172049.99999999997
7.26241134751773,176700.0
7.266129032258065,66030.0
7.267175572519084,100572.85714285714
7.2896174863387975,288486.0
7.3,108112.5
7.303448275862069,177048.74999999997
7.303571428571429,90675.0
7.304964539007092,104718.0
7.318681318681318,207991.76470588235
7.321428571428571,188113.63636363635
7.32258064516129,207699.99999999997
7.333333333333333,74400.0
7.337349397590361,167586.0
7.341269841269841,92999.99999999999
7.3426573426573425,119627.36842105263
7.351351351351352,160889.99999999997
7.358974358974359,130316.25
7.366255144032922,165888.75
7.367816091954023,280328.5714285714
7.372093023255814,358050.0
7.372549019607843,70835.0
7.373809523809523,186730.7142857143
7.375,95324.99999999999
7.380530973451328,39990.0
7.384615384615385,226299.99999999997
7.39344262295082,171003.75
7.396551724137931,460349.99999999994
7.397260273972603,123225.0
7.3983739837398375,94937.5
7.428571428571429,153450.0
7.431034482758621,172360.0
7.433884297520661,222153.74999999997
7.438356164383562,133093.33333333334
7.439628482972136,211110.0
7.445783132530121,225466.875
7.447530864197531,163568.4
7.453744493392071,169533.5294117647
7.454545454545454,139500.0
7.455128205128205,297079.2
7.457983193277311,113327.14285714286
7.45906432748538,165960.0
7.461538461538462,88350.0
7.483076923076923,224030.3571428571
7.490566037735849,185999.99999999997
7.5,221340.0
7.5054945054945055,199950.0
7.507142857142857,169260.0
7.509009009009009,297920.6896551724
7.513513513513513,138291.0
7.517150395778364,176965.7142857143
7.529885057471264,255329.5890410959
7.5308441558441555,163834.99999999997
7.532786885245901,189791.53846153847
7.538860103626943,117102.49999999999
7.544392523364486,184569.23076923078
7.547169811320755,229400.0
7.554112554112554,133734.0
7.555555555555555,251099.99999999997
7.56,159443.33333333334
7.564102564102564,165850.0
7.56544502617801,226816.66666666666
7.565789473684211,120900.0
7.56989247311828,508012.5
7.580645161290323,110813.07692307691
7.581196581196581,214571.66666666663
7.583333333333333,57660.0
7.585365853658536,127099.99999999999
7.588541666666667,167400.0
7.6,139500.0
7.604575163398692,93930.0
7.60659114315139,215593.07692307694
7.611111111111111,185999.99999999997
7.617647058823529,158100.0
7.631944444444445,11159.999999999998
7.634663341645886,480942.8571428571
7.641304347826087,142755.0
7.644897959183673,99323.99999999999
7.666666666666667,150349.99999999997
7.673202614379085,167399.99999999997
7.68141592920354,255699.72972972973
7.684210526315789,54869.99999999999
7.696581196581197,159030.0
7.698019801980198,288299.99999999994
7.698529411764706,66605.71428571429
7.7,79980.0
7.7175732217573225,75733.0
7.719626168224299,265050.0
7.72,344099.99999999994
7.722222222222222,84165.0
7.737288135593221,143839.99999999997
7.754237288135593,188915.67567567568
7.776649746192893,288300.0
7.78021978021978,288300.0
7.783783783783784,120899.99999999999
7.7894736842105265,89280.0
7.796875,59773.63636363636
7.797101449275362,260399.99999999997
7.802816901408451,139500.0
7.81496062992126,171385.7142857143
7.818181818181818,194742.0
7.8216318785578745,275890.3125
7.824120603015075,113991.42857142855
7.828571428571428,134596.36363636362
7.848,248658.75
7.852822580645161,227723.18181818182
7.857142857142857,227849.99999999997
7.871794871794871,111599.99999999999
7.880149812734082,169682.72727272726
7.880341880341881,173238.33333333334
7.880952380952381,106949.99999999999
7.896875,137694.70588235295
7.901345291479821,52080.0
7.916083916083916,80832.5
7.918367346938775,66030.0
7.919504643962848,172980.0
7.923076923076923,39060.0
7.9337231968810915,69233.33333333331
7.945945945945946,446399.99999999994
7.947826086956522,80600.0
7.953488372093023,111599.99999999999
7.9640287769784175,271430.23255813954
7.9655172413793105,81530.0
7.968397291196388,270483.15789473685
7.970677451971689,191794.61538461535
7.971830985915493,185999.99999999997
7.9904761904761905,228647.14285714287
8.0,209113.30636610618
8.00632911392405,172980.0
8.009708737864077,165754.61538461538
8.011834319526628,152519.99999999997
8.027322404371585,132313.63636363635
8.028455284552846,269183.3333333333
8.029100529100528,105206.24999999999
8.031746031746032,158100.0
8.044444444444444,246449.99999999997
8.04954954954955,221456.24999999997
8.057142857142857,251099.99999999997
8.05813953488372,46500.0
8.058823529411764,118730.0
8.0625,118575.0
8.069306930693068,87233.99999999999
8.090909090909092,83700.0
8.092592592592593,258385.0
8.109803921568627,82421.24999999999
8.113300492610838,218907.6923076923
8.114925373134328,299924.99999999994
8.12267657992565,176700.0
8.128140703517587,256370.0
8.147368421052631,290625.0
8.15,325499.99999999994
8.158441558441558,196695.0
8.16,64480.0
8.164285714285715,204795.7894736842
8.165289256198347,80909.99999999999
8.176182707993474,138839.2105263158
8.178571428571429,371999.99999999994
8.186567164179104,170333.07692307694
8.203125,63704.99999999999
8.211764705882352,341775.0
8.215189873417721,364559.99999999994
8.21551724137931,293880.0
8.230224321133411,300102.9130434783
8.24,158100.0
8.240285487708167,321941.73913043475
8.2421875,158100.0
8.24780701754386,169631.99999999997
8.261904761904763,134850.0
8.272727272727273,158100.0
8.283783783783784,69440.0
8.286585365853659,272800.0
8.292682926829269,104292.85714285714
8.304347826086957,69750.0
8.318181818181818,67425.0
8.328519855595667,137872.5
8.333333333333334,64169.99999999999
8.345679012345679,260400.0
8.356521739130434,315166.6666666667
8.382978723404255,197470.0
8.385964912280702,45569.99999999999
8.38888888888889,330150.0
8.393302180685358,217672.24719101124
8.403846153846153,38750.0
8.419491525423728,324784.6153846154
8.437275985663083,244687.8947368421
8.444444444444445,111599.99999999999
8.457627118644067,180851.7857142857
8.465116279069768,139500.0
8.475609756097562,97849.28571428571
8.480732177263969,180336.53846153844
8.5,165246.31578947365
8.511111111111111,118109.99999999999
8.51388888888889,204599.99999999997
8.520408163265307,316200.0
8.526315789473685,111600.0
8.544117647058824,39990.0
8.547619047619047,232499.99999999997
8.561576354679802,153783.84615384616
8.5625,87885.0
8.588235294117647,138077.64705882352
8.592015579357351,151962.0
8.593147751605995,202070.4
8.604748603351956,150128.57142857142
8.61744966442953,318184.0
8.617886178861788,181969.99999999997
8.63447251114413,134385.0
8.63519313304721,241800.0
8.644444444444444,148800.0
8.64459930313589,226300.0
8.654255319148936,164435.625
8.657381615598887,206630.81632653062
8.676646706586826,221871.42857142855
8.682926829268293,127240.90909090909
8.700626959247648,327767.6712328767
8.70103092783505,174219.99999999997
8.71007371007371,224874.0
8.715686274509803,207057.85714285713
8.722222222222221,115319.99999999999
8.729323308270677,120900.0
8.737357259380097,186080.1724137931
8.740458015267176,397575.0
8.745519713261649,225476.05263157896
8.761904761904763,120899.99999999999
8.767643865363736,270816.0
8.776190476190477,125549.99999999999
8.78688524590164,360633.33333333326
8.787946428571429,303578.5714285714
8.790476190476191,49755.0
8.792642140468228,236201.02040816325
8.794520547945206,282100.0
8.8,58589.99999999999
8.805555555555555,49289.99999999999
8.815533980582524,170499.99999999997
8.824324324324325,483599.99999999994
8.825581395348838,62309.99999999999
8.826797385620916,107415.0
8.832278481012658,76074.0
8.839622641509434,213899.99999999997
8.843478260869565,151915.5
8.863309352517986,234824.99999999997
8.865168539325843,297599.99999999994
8.886138613861386,184450.0
8.88888888888889,255750.0
8.89,461612.1428571428
8.895833333333334,87885.0
8.897435897435898,82770.0
8.911971830985916,161199.99999999997
8.92251461988304,97882.5
8.932926829268293,114948.0
8.933333333333334,167400.0
8.939907550077042,245287.5
8.942622950819672,248426.25
8.945205479452055,119040.0
8.955665024630543,273777.6923076923
8.959165942658558,178445.18518518517
8.963470319634704,200492.5
8.98,131502.0
8.985663082437275,167804.34782608695
8.987113402061855,295740.0
8.99562363238512,185999.99999999997
8.99712643678161,81654.0
9.0,208283.95508805435
9.036036036036036,176699.99999999997
9.03896103896104,215708.3333333333
9.058823529411764,120899.99999999999
9.060773480662984,156240.0
9.064935064935066,184512.0
9.074906367041198,176699.99999999997
9.083333333333334,50220.0
9.090721649484536,85581.13636363635
9.091093117408906,122585.625
9.112391930835734,189050.4
9.115702479338843,158099.99999999997
9.122699386503067,246773.47826086954
9.130434782608695,450275.0
9.134796238244514,139500.0
9.140684410646388,238738.74999999997
9.15,107879.99999999999
9.157216494845361,118707.85714285713
9.157407407407407,251099.99999999997
9.178666666666667,344100.0
9.179331306990882,169104.99999999997
9.182978723404256,232965.0
9.198924731182796,154436.36363636365
9.2012012012012,273144.44444444444
9.206185567010309,111599.99999999999
9.219780219780219,253192.5
9.22875816993464,126479.99999999999
9.233009708737864,167400.0
9.238095238095237,111599.99999999999
9.23939393939394,241799.99999999997
9.240585774058577,254732.81249999997
9.242424242424242,185999.99999999997
9.251748251748252,116250.0
9.257142857142858,53630.0
9.283236994219653,50220.0
9.28740157480315,296210.10989010986
9.28888888888889,70990.0
9.294930875576037,373033.3333333333
9.312,261994.28571428568
9.313829787234043,332475.0
9.32218309859155,470401.1538461539
9.333333333333334,85211.25
9.336538461538462,229399.99999999997
9.337579617834395,127099.99999999999
9.354368932038835,223199.99999999997
9.355263157894736,371999.99999999994
9.368224299065421,419357.0588235294
9.372670807453416,164211.42857142858
9.375838926174497,280464.75
9.382352941176471,280549.99999999994
9.383720930232558,128805.0
9.39240506329114,195299.99999999997
9.396624472573839,500871.4285714285
9.4,16740.0
9.416326530612245,58125.0
9.416666666666666,310000.0
9.419618528610354,92922.49999999999
9.419790104947527,254676.92307692303
9.423529411764706,204599.99999999997
9.43939393939394,110005.71428571429
9.45679012345679,130199.99999999999
9.459183673469388,141546.0
9.461538461538462,55799.99999999999
9.464285714285714,49289.99999999999
9.46808510638298,166071.42857142858
9.46829268292683,319300.0
9.471153846153847,106887.99999999999
9.496610169491525,93930.0
9.496913580246913,121863.21428571428
9.51592356687898,236485.7142857143
9.528735632183908,716100.0
9.529411764705882,224885.62499999997
9.538666666666666,270113.3333333333
9.540322580645162,108302.72727272725
9.548543689320388,121830.0
9.548961424332344,67889.99999999999
9.549488054607508,213900.0
9.551477170993733,210645.0
9.585714285714285,158100.0
9.5929203539823,223199.99999999997
9.6006600660066,113586.81818181818
9.61111111111111,111599.99999999999
9.628491620111731,213900.0
9.636363636363637,111599.99999999999
9.63855421686747,114079.99999999999
9.678688524590164,232499.99999999997
9.6875,533999.9999999999
9.696296296296296,167400.0
9.71806167400881,193439.99999999997
9.719602977667494,141360.0
9.725,209125.99999999997
9.736842105263158,137950.0
9.762755102040817,149081.16279069765
9.772727272727273,39060.0
9.778846153846153,167400.0
9.79863481228669,109740.0
9.8,19995.0
9.832,306900.0
9.837209302325581,144150.0
9.846715328467154,239216.66666666666
9.848214285714286,89280.0
9.849462365591398,113924.99999999999
9.857142857142858,95975.99999999999
9.866666666666667,260400.0
9.888454011741683,245519.99999999997
9.90857142857143,368357.5
9.941176470588236,181350.0
9.942708333333334,288300.0
9.947368421052632,167400.0
9.956164383561644,119826.92307692308
9.966666666666667,145544.99999999997
9.975609756097562,226787.1428571428
9.982142857142858,90675.0
9.986666666666666,260399.99999999997
10.0,206810.77312654405
10.010443864229766,133482.35294117648
10.026315789473685,102299.99999999999
10.02861952861953,169546.15384615384
10.031496062992126,131595.0
10.037878787878787,96926.66666666667
10.04,390599.99999999994
10.058823529411764,106020.0
10.078947368421053,86025.0
10.096774193548388,55799.99999999999
10.09761388286334,223200.0
10.108695652173912,176700.0
10.116421568627452,248430.35294117648
10.11864406779661,176700.0
10.127906976744185,207390.0
10.12962962962963,175924.99999999997
10.137096774193548,61535.0
10.137931034482758,102299.99999999999
10.15576323987539,173806.66666666663
10.164179104477611,74864.99999999999
10.165745856353592,120900.0
10.166666666666666,124806.0
10.168582375478927,80644.28571428571
10.186046511627907,115940.0
10.188524590163935,306900.0
10.19571865443425,231880.0
10.201863354037267,298530.0
10.204081632653061,125550.0
10.2109375,130199.99999999999
10.23076923076923,195299.99999999997
10.241935483870968,381299.99999999994
10.243619489559165,195472.22222222222
10.247232472324724,99510.0
10.253196930946292,340802.72727272724
10.286995515695068,181164.0
10.294930875576037,287570.3076923077
10.302439024390244,86490.0
10.30423940149626,181814.99999999997
10.307692307692308,102299.99999999999
10.308219178082192,97245.65217391304
10.322222222222223,181350.0
10.346666666666666,125549.99999999999
10.379032258064516,74400.0
10.383333333333333,381299.99999999994
10.408219178082192,216206.4
10.416666666666666,79979.99999999999
10.42153846153846,499100.0
10.421768707482993,269700.0
10.435714285714285,116807.99999999997
10.4375,87420.0
10.441244239631336,102553.63636363634
10.474137931034482,90874.28571428571
10.48,176700.0
10.5,176700.0
10.51602564102564,221495.0
10.534810126582279,317890.90909090906
10.543589743589743,163613.5714285714
10.552631578947368,98580.0
10.56304347826087,241995.7894736842
10.584615384615384,120899.99999999999
10.592592592592593,84630.0
10.605128205128205,128649.99999999999
10.610778443113773,146513.75
10.625,297600.0
10.633802816901408,269700.0
10.666666666666666,148800.0
10.674418604651162,77697.27272727272
10.711864406779661,136118.1818181818
10.717948717948717,112995.0
10.72636815920398,192080.76923076922
10.728323699421965,51149.99999999999
10.75682382133995,129579.99999999999
10.758771929824562,279000.0
10.759562841530055,283650.0
10.77153110047847,335810.86956521735
10.773006134969325,117412.49999999999
10.779116465863455,256680.0
10.78048780487805,102299.99999999999
10.822050290135396,190649.99999999997
10.842592592592593,232499.99999999997
10.847826086956522,109739.99999999997
10.862068965517242,174375.0
10.86685552407932,151051.57894736843
10.881720430107526,176700.0
10.885135135135135,235600.0
10.901673640167363,105089.99999999999
10.918465227817746,316199.99999999994
10.938461538461539,182855.7142857143
10.941176470588236,83700.0
10.956521739130435,260400.0
10.96,169725.0
10.962025316455696,170499.99999999997
10.966183574879228,57195.0
10.974358974358974,123291.42857142855
10.997354497354497,266600.0
11.0,199541.60727234327
11.025575447570333,238638.0
11.026422764227643,218228.72727272726
11.065104166666666,292950.0
11.075471698113208,104573.33333333333
11.09375,228780.0
11.1,78817.5
11.120234604105573,138702.85714285713
11.146341463414634,264274.99999999994
11.158038147138965,191314.2857142857
11.170731707317072,207079.99999999997
11.18840579710145,108499.99999999999
11.19047619047619,60449.99999999999
11.195205479452055,182364.54545454544
11.2,353400.0
11.203703703703704,199949.99999999997
11.211583924349881,121482.2608695652
11.215909090909092,268149.99999999994
11.218562874251496,89322.27272727272
11.233333333333333,88814.99999999999
11.251207729468598,63239.99999999999
11.267477203647417,348038.82352941175
11.272727272727273,81840.0
11.27659574468085,130199.99999999999
11.294117647058824,162750.0
11.30379746835443,288300.0
11.314814814814815,39060.0
11.316455696202532,58590.0
11.336477987421384,113925.0
11.338129496402878,240362.72727272726
11.350515463917526,89512.5
11.36144578313253,262896.3157894737
11.371335504885993,148800.0
11.384615384615385,148800.0
11.404411764705882,164008.23529411765
11.408163265306122,65565.0
11.428571428571429,60449.99999999999
11.440860215053764,94860.0
11.447368421052632,74400.0
11.448598130841122,165274.2857142857
11.456896551724139,74400.0
11.466666666666667,10230.0
11.49433962264151,376650.0
11.5,111599.99999999999
11.50920245398773,61566.0
11.520958083832335,296049.99999999994
11.542553191489361,316200.0
11.565957446808511,261115.38461538462
11.595238095238095,62929.99999999999
11.6,72540.0
11.62192393736018,218018.57142857142
11.625598086124402,255503.4939759036
11.626262626262626,130199.99999999999
11.630434782608695,13019.999999999998
11.647368421052631,167400.0
11.68,279000.0
11.682539682539682,302249.99999999994
11.691358024691358,108190.0
11.694300518134716,85250.0
11.723214285714286,132060.0
11.755395683453237,205426.66666666666
11.760180995475114,192200.0
11.779166666666667,143219.99999999997
11.8,102299.99999999999
11.804878048780488,151590.0
11.818965517241379,124000.0
11.82,348750.0
11.83578431372549,68645.625
11.83904109589041,157881.17647058822
11.84,170035.0
11.840970350404312,146940.0
11.84375,102299.99999999999
11.849223946784923,138376.24999999997
11.876681614349776,81718.69565217392
11.89655172413793,238699.99999999997
11.897810218978103,242730.0
11.905982905982906,60682.5
11.935323383084578,216224.99999999997
11.935379644588044,121333.99999999999
11.947712418300654,72540.0
11.959147424511546,76570.0
11.959183673469388,92999.99999999999
11.965116279069768,149420.0
11.97459584295612,392201.6666666666
11.982532751091703,168275.29411764705
11.985141158989599,269700.0
11.989583333333334,118547.64705882352
11.996746203904555,321547.49999999994
12.0,196140.37022006288
12.018927444794953,127624.61538461539
12.021447721179625,66561.42857142857
12.026548672566372,92999.99999999999
12.038560411311053,178146.66666666666
12.044943820224718,97819.09090909088
12.05,160166.66666666666
12.090214067278287,179731.11111111112
12.09433962264151,121313.33333333333
12.108695652173912,29759.999999999996
12.11496062992126,203949.0
12.129032258064516,85869.99999999999
12.153846153846153,74089.99999999999
12.166666666666666,130199.99999999999
12.17142857142857,139086.66666666666
12.174603174603174,60450.0
12.184615384615384,89494.61538461539
12.192307692307692,269700.0
12.193877551020408,102299.99999999999
12.240631163708088,140739.99999999997
12.278260869565218,158099.99999999997
12.325,170500.0
12.337243401759531,180187.5
12.346153846153847,176700.0
12.362445414847162,207183.33333333334
12.363636363636363,116146.66666666666
12.369565217391305,76492.5
12.390070921985815,85560.0
12.406451612903226,193439.99999999997
12.408945686900958,84630.0
12.429292929292929,122966.66666666667
12.442708333333334,214416.66666666666
12.447368421052632,195299.99999999997
12.461783439490446,141461.08695652173
12.462649089767734,83538.8
12.465116279069768,68820.0
12.476190476190476,69750.0
12.507845934379459,520084.6153846153
12.546038543897216,123689.99999999999
12.589686098654708,92690.0
12.621428571428572,85560.0
12.62528216704289,186000.0
12.634831460674157,111599.99999999999
12.636363636363637,158100.0
12.637362637362637,257300.0
12.65,185999.99999999997
12.655021834061136,97340.0
12.657894736842104,134850.0
12.658904109589042,222074.2105263158
12.683858643744031,279000.0
12.710064635272392,160813.56164383562
12.717647058823529,113925.0
12.729166666666666,153450.0
12.75301204819277,111018.74999999999
12.764705882352942,120899.99999999999
12.775862068965518,248000.0
12.778688524590164,260399.99999999997
12.793478260869565,287635.71428571426
12.793503480278423,255749.99999999997
12.795774647887324,291400.0
12.803827751196172,64026.92307692308
12.8348623853211,167400.0
12.87,131595.0
12.874087591240876,271753.75
12.902439024390244,70680.0
12.913461538461538,243222.35294117645
12.93048128342246,173910.0
12.958333333333334,55490.0
12.96,116249.99999999999
13.0,189762.38431271637
13.011111111111111,132857.14285714284
13.018072289156626,79980.0
13.019354838709678,203072.1428571428
13.022727272727273,383624.99999999994
13.044444444444444,71144.99999999999
13.060634328358208,138003.91304347827
13.065217391304348,158100.0
13.069767441860465,100174.28571428571
13.069958847736626,314340.0
13.098360655737705,80290.0
13.137362637362637,109946.66666666666
13.13953488372093,209250.0
13.142857142857142,220409.99999999997
13.18918918918919,314053.8461538461
13.2,77190.0
13.228220858895705,95993.43749999999
13.236593059936908,164842.49999999997
13.241071428571429,78120.0
13.302721088435375,122187.69230769231
13.307692307692308,74400.0
13.333333333333334,79980.0
13.366412213740459,91605.0
13.370689655172415,203437.49999999997
13.372448979591837,151590.0
13.374233128834355,190650.0
13.376288659793815,155620.0
13.37864077669903,79761.17647058824
13.400990099009901,344100.0
13.409090909090908,111910.0
13.448275862068966,296902.5
13.45945945945946,182796.66666666663
13.5,172050.0
13.504761904761905,128805.0
13.568710359408033,124310.0
13.579967689822293,124620.0
13.584415584415584,135482.4
13.591304347826087,80777.14285714284
13.594936708860759,88189.36363636363
13.628787878787879,102299.99999999999
13.663461538461538,167400.0
13.666666666666666,172979.99999999997
13.668539325842696,186342.63157894736
13.69140625,367350.0
13.704707560627675,142555.71428571426
13.709090909090909,213899.99999999997
13.73076923076923,350300.0
13.743589743589743,238599.70588235292
13.758241758241759,53009.99999999999
13.783132530120483,160425.0
13.795454545454545,259934.99999999997
13.835164835164836,62682.0
13.84573748308525,255725.52631578947
13.852941176470589,74865.0
13.87190082644628,125922.0
13.89937106918239,104718.0
13.947368421052632,139500.0
13.96875,63937.49999999999
14.0,183564.3521062532
14.005917159763314,325500.0
14.009589041095891,204083.33333333334
14.033240997229917,471200.0
14.097560975609756,158332.5
14.115440115440116,182475.78947368418
14.124260355029586,120900.0
14.135658914728682,74466.42857142857
14.14655172413793,148800.0
14.151515151515152,159572.5
14.18421052631579,123690.0
14.216730038022813,133299.99999999997
14.218978102189782,181707.6923076923
14.266244057052297,202115.37313432837
14.27659574468085,102299.99999999999
14.283387622149837,104996.99999999997
14.284684684684684,97903.63636363637
14.297520661157025,195299.99999999997
14.299287410926366,91126.71428571429
14.342657342657343,101121.99999999999
14.415094339622641,158099.99999999997
14.424242424242424,158100.0
14.452261306532664,102299.99999999999
14.46734693877551,165540.0
14.476190476190476,74400.0
14.485355648535565,24179.999999999996
14.494949494949495,102299.99999999999
14.502392344497608,241800.0
14.529411764705882,22668.749999999996
14.545454545454545,204600.0
14.596774193548388,227354.0
14.61864406779661,72075.0
14.656387665198238,177452.85714285713
14.666666666666666,78120.0
14.689008042895443,171778.75
14.702127659574469,121520.0
14.73873873873874,158100.0
14.755244755244755,185999.99999999997
14.81653746770026,169260.0
14.827788649706457,246843.46153846153
14.837719298245615,103850.0
14.842105263157896,175584.0
14.874371859296483,241800.0
14.96629213483146,127624.61538461539
14.969849246231156,210412.5
14.973597359735974,41850.0
15.0,182711.37579543464
15.089219330855018,115474.99999999999
15.133333333333333,130068.25
15.186961869618695,340448.8888888888
15.191780821917808,79050.0
15.205882352941176,89279.99999999999
15.218181818181819,81840.0
15.27111111111111,123811.30434782607
15.301204819277109,142323.2142857143
15.383812010443863,164145.0
15.4,310910.625
15.400651465798045,157302.85714285713
15.49232245681382,196450.51546391752
15.502450980392156,130404.14634146342
15.522522522522523,183632.72727272726
15.529255319148936,220100.0
15.558482613277134,154070.0
15.608247422680412,95324.99999999999
15.663636363636364,17670.0
15.74742268041237,167569.09090909088
15.75,98749.09090909091
15.770833333333334,95325.0
15.803030303030303,96720.0
15.823529411764707,144234.54545454544
15.826229508196722,260399.99999999997
15.8348623853211,330150.0
15.884210526315789,45260.0
15.926640926640927,399899.99999999994
15.975308641975309,164300.0
16.0,171296.31276024174
16.00206611570248,283463.99999999994
16.06547619047619,269699.99999999994
16.07509881422925,112928.57142857143
16.114337568058076,136012.5
16.1328125,147591.0
16.145522388059703,148800.0
16.18070818070818,171334.61538461538
16.195652173913043,120744.99999999999
16.204545454545453,204599.99999999997
16.205992509363295,199950.0
16.20921985815603,143434.61538461538
16.22239263803681,76009.61538461538
16.25,76260.0
16.280701754385966,167400.0
16.29090909090909,117552.0
16.313725490196077,73159.99999999999
16.35036496350365,75795.0
16.365853658536587,404549.99999999994
16.371900826446282,123504.0
16.426666666666666,72540.0
16.516746411483254,78120.0
16.53846153846154,41384.99999999999
16.54385964912281,69750.0
16.545454545454547,79979.99999999999
16.546409807355516,177137.64705882352
16.571428571428573,158100.0
16.610738255033556,69750.0
16.63036303630363,234050.0
16.666666666666668,130199.99999999999
16.67361111111111,104292.85714285713
16.68421052631579,143144.5945945946
16.7016317016317,78492.0
16.743961352657006,229963.63636363635
16.883895131086142,303800.0
16.902127659574468,80909.99999999999
16.972350230414747,86903.33333333333
16.986149584487535,51149.99999999999
17.0,181281.79214195182
17.005235602094242,103652.72727272728
17.029761904761905,210799.99999999997
17.05448717948718,166986.66666666663
17.115606936416185,188536.36363636365
17.15527950310559,118389.0
17.183856502242154,363756.8181818182
17.20487264673311,298530.0
17.209302325581394,61379.99999999999
17.240875912408757,70912.5
17.251646903820816,211882.61538461535
17.285245901639342,143317.89473684208
17.390243902439025,65386.153846153844
17.423357664233578,228064.61538461538
17.429223744292237,136709.99999999997
17.45945945945946,232499.99999999997
17.494163424124512,213003.2142857143
17.526315789473685,86490.0
17.527950310559007,127099.99999999999
17.6046875,180668.0
17.694444444444443,145699.99999999997
17.701438848920862,576600.0
17.752399232245683,78584.99999999999
17.774647887323944,148800.0
17.833333333333332,79050.0
17.9,199949.99999999997
17.937837837837836,159537.27272727274
17.976683937823836,189100.0
17.98175182481752,100254.0
18.0,165933.2719665272
18.047511312217196,405479.99999999994
18.08265802269044,196834.5
18.206666666666667,166625.0
18.21042471042471,118915.99999999999
18.241610738255034,163414.2857142857
18.36574585635359,169056.5625
18.390173410404625,161200.0
18.39316239316239,189100.0
18.40909090909091,46499.99999999999
18.4156050955414,416175.0
18.442013129102843,167186.09999999998
18.45263157894737,92302.49999999999
18.456521739130434,93465.0
18.47291196388262,104767.53260869565
18.513321492007105,18600.0
18.585454545454546,213899.99999999997
18.67241379310345,65099.99999999999
18.76086956521739,90907.5
18.796296296296298,65099.99999999999
18.812111801242235,117856.36363636363
18.84083044982699,65386.153846153844
18.879310344827587,104810.99999999999
18.88268156424581,90209.99999999999
19.0,154116.0147521806
19.010309278350515,125364.0
19.037974683544302,96998.99999999999
19.054545454545455,111599.99999999999
19.0625,55799.99999999999
19.06896551724138,86490.0
19.08471760797342,81079.0909090909
19.152073732718893,60915.0
19.168341708542712,197221.99999999997
19.216494845360824,51149.99999999999
19.22070534698521,142600.0
19.23404255319149,269700.0
19.247191011235955,102300.0
19.294117647058822,91140.0
19.3099209833187,363320.0
19.310344827586206,82770.0
19.524590163934427,102299.99999999999
19.56291390728477,107879.99999999999
19.703941338221814,285200.0
19.801007556675064,128030.0
19.803245436105477,178951.57894736843
19.81159420289855,92999.99999999999
19.828,163434.3396226415
19.936416184971097,285199.99999999994
19.95729537366548,118668.0
20.0,148589.47240239874
20.06382978723404,111599.99999999999
20.084229390681003,57474.0
20.180351906158357,199368.74999999997
20.25062656641604,278999.99999999994
20.279310344827586,140244.0
20.314741035856574,126480.0
20.548165137614678,169259.99999999997
20.571428571428573,176699.99999999997
20.625922023182298,98347.5
20.634146341463413,149980.3846153846
20.789156626506024,65099.99999999999
20.78996036988111,229740.0
20.867521367521366,121623.33333333333
20.895027624309392,82459.99999999999
20.899061032863848,51149.99999999999
20.93816631130064,93929.99999999999
21.0,142756.69986736527
21.145228215767634,94859.99999999999
21.209445585215605,181835.21739130432
21.276041666666668,344100.0
21.347258485639685,133175.99999999997
21.383431952662722,181031.84210526315
21.39782016348774,232500.0
21.56756756756757,92999.99999999999
21.666666666666668,112530.0
21.692561983471073,440200.0
21.88888888888889,72850.0
21.970588235294116,195299.99999999997
22.0,142632.88062622308
22.032997250229148,148358.25
22.04193548387097,344100.0
22.102127659574467,106252.5
22.123711340206185,279000.0
22.19908466819222,145002.49999999997
22.208333333333332,134850.0
22.30952380952381,49289.99999999999
22.31366459627329,88350.0
22.39029126213592,130199.99999999999
22.764845605700714,117518.18181818182
22.782823741007196,173152.7142857143
22.78616352201258,121597.5
22.901840490797547,162749.99999999997
23.0,145534.29041499115
23.034146341463416,52545.0
23.053763440860216,158100.0
23.129675810473817,154620.0
23.333333333333332,111599.99999999999
23.34375,292950.0
23.44954128440367,265049.99999999994
23.498069498069498,137349.375
23.571428571428573,213899.99999999997
23.724,125549.99999999999
23.79385964912281,108996.0
23.830827067669173,96055.71428571429
23.87748851454824,122450.0
23.89010989010989,316200.0
23.91010101010101,82873.33333333333
24.0,140988.7353393367
24.02905569007264,160192.49999999997
24.175824175824175,199438.49999999997
24.238709677419354,181350.0
24.36111111111111,97649.99999999999
24.536184210526315,130836.31578947368
24.63095238095238,63240.0
24.74829931972789,316200.0
24.974846282839575,77592.16216216215
25.0,136085.11071994368
25.18834080717489,107149.28571428571
25.397959183673468,48825.0
25.41029023746702,223199.99999999997
25.448170731707318,269699.99999999994
25.517382413087933,277497.69230769225
25.640243902439025,120899.99999999999
25.673563218390804,122759.99999999999
25.87116564417178,51149.99999999999
25.98310810810811,106206.0
26.0,137489.58673469388
26.128,59055.0
26.199404761904763,194370.0
26.239583333333332,223199.99999999997
26.46875,158100.0
26.50925925925926,251099.99999999997
27.0,119679.76349614396
27.1104,130199.99999999999
27.1375,63239.99999999999
27.311864406779662,126480.0
27.357142857142858,88582.5
27.44736842105263,33480.0
27.5,195299.99999999997
27.91780821917808,94046.25
28.0,136852.91999999998
28.02654867256637,99509.99999999999
28.08,348750.0
28.200542005420054,103065.88235294116
28.25073313782991,277472.14285714284
28.3125,176700.0
28.4,132591.42857142855
28.5,241799.99999999997
28.533333333333335,148644.99999999997
28.985915492957748,1673.9999999999998
29.0,130065.80202441201
29.04724409448819,116249.99999999999
29.473684210526315,134292.0
29.82046979865772,114080.0
30.205607476635514,77190.0
30.350746268656717,120899.99999999999
30.533875338753386,288300.0
30.766550522648085,143220.0
30.79746835443038,83700.0
31.081967213114755,131168.74999999997
31.193548387096776,41850.0
31.47887323943662,241799.99999999997
31.80840163934426,115534.61538461539
31.983606557377048,53009.99999999999
32.24405705229794,84978.74999999999
32.428346456692914,180220.7142857143
32.64705882352941,94129.28571428571
33.035714285714285,145587.27272727274
33.33079365079365,160516.17647058822
33.4,212080.43478260865
33.84263959390863,125549.99999999999
33.88059701492537,107880.0
33.9,62309.99999999999
34.12352941176471,113460.0
34.178714859437754,148800.0
34.28971962616822,124620.0
34.5,87316.66666666667
35.254612546125465,73470.0
36.06692913385827,29759.999999999996
36.21509433962264,169074.0
36.263622974963184,223199.99999999997
37.06875,116641.57894736843
37.5,27899.999999999996
37.94097995545657,139500.0
38.02272727272727,12089.999999999998
38.67993079584775,71764.99999999999
38.854838709677416,111599.99999999999
39.31379962192817,154628.0
39.49152542372882,108577.5
39.762962962962966,111599.99999999999
40.372699386503065,146554.22222222222
41.333333333333336,79050.0
42.211092715231786,95352.35294117648
43.39041095890411,130199.99999999999
43.40802422407267,23715.0
48.34589800443459,133267.36842105264
52.16675378985886,131129.99999999997
53.20603015075377,138453.75
55.525469168900806,534749.9999999999
58.041666666666664,68554.28571428571
60.0,124855.07694201423
63.0,1394.9999999999998
69.23076923076923,102299.99999999999
86.89655172413794,42780.0
90.0,114915.4356923077
120.0,93929.92723004693
